HUC_10,HU_10_NAME,spsm_MPG,spsm_POP_NAME,spsm_TRT_POPID,sthd_MPG,sthd_POP_NAME,sthd_TRT_POPID,fall_MPG,fall_POP_NAME,fall_TRT_POPID,spsm_sm,spsm_sm2,spsm_w,spsm_w2,spsm_r,spsm_r2,spsm_ip,sthd_sm,sthd_sm2,sthd_w,sthd_w2,sthd_r,sthd_r2,sthd_ip
1706010101,Granite Creek-Snake River,NA,NA,NA,Hells Canyon,Hells Canyon,SNHCT-s,Snake River,Snake River Lower Mainstem,SNLMA-f,0.002684170184087667,3.460663651271082e-4,1.4489158768758892,0.15774186805961063,0.002684170184087667,3.460663651271082e-4,NA,0.002723641744003212,6.877225424751466e-4,2.7420559968245346,0.5060947887673912,0.002723641744003212,6.877225424751466e-4,NA
1706010102,Getta Creek-Snake River,NA,NA,NA,Hells Canyon,Hells Canyon,SNHCT-s,Snake River,Snake River Lower Mainstem,SNLMA-f,0.0023287997561374976,2.481261651805672e-4,1.632265365088646,0.1345977750615438,0.0023287997561374976,2.481261651805672e-4,NA,0.0026072905659639298,8.285013414035067e-4,2.646224634439087,0.5767094499449233,0.0026072905659639298,8.285013414035067e-4,NA
1706010103,Wolf Creek-Snake River,NA,NA,NA,Hells Canyon,Hells Canyon,SNHCT-s,Snake River,Snake River Lower Mainstem,SNLMA-f,0.003829778567604292,9.618147236703407e-4,1.5542059206290206,0.1651471321446352,0.003829778567604292,9.618147236703407e-4,NA,0.0023725383445241622,6.631283295608333e-4,3.1343929553771592,0.5005654385614174,0.0023725383445241622,6.631283295608333e-4,NA
1706010201,Upper Imnaha River,Grande Ronde / Imnaha,Imnaha River mainstem,IRMAI,Imnaha River,Imnaha River,IRMAI-s,NA,NA,NA,0.002429896203301761,2.3134033239043093e-4,1.5053630945691399,0.09917311726399586,0.002429896203301761,2.3134033239043093e-4,0.47018377594164273,0.0022798466923021257,5.987656987455895e-4,2.4612958637098936,0.43056946958058234,0.0022798466923021257,5.987656987455895e-4,0.8575605422026162
1706010202,Middle Imnaha River,Grande Ronde / Imnaha,Imnaha River mainstem,IRMAI,Imnaha River,Imnaha River,IRMAI-s,NA,NA,NA,0.002452047384684781,3.2873317212896874e-4,1.3902549901734427,0.09991233338930368,0.002452047384684781,3.2873317212896874e-4,0.32774583615824987,0.002508148775620849,7.671800430795745e-4,2.5422312898360753,0.5119215784414731,0.002508148775620849,7.671800430795745e-4,0.623971576023305
1706010203,Upper Big Sheep Creek,Grande Ronde / Imnaha,Big Sheep Creek,IRBSH,Imnaha River,Imnaha River,IRMAI-s,NA,NA,NA,0.0026138090871008217,3.160539512396752e-4,1.4337154893144624,0.12212256241477386,0.0026138090871008217,3.160539512396752e-4,0.363457499662089,0.0024520217221287673,7.184421917148681e-4,2.4885707405118125,0.48086818410790605,0.0024520217221287673,7.184421917148681e-4,0.7647114354571828
1706010204,Lower Big Sheep Creek,Grande Ronde / Imnaha,Big Sheep Creek,IRBSH,Imnaha River,Imnaha River,IRMAI-s,NA,NA,NA,0.0030408141461119535,4.189622310554651e-4,1.6247433270259417,0.14731023817408284,0.0030408141461119535,4.189622310554651e-4,0.23996305435773974,0.0031199986104170937,0.001029290792793942,3.006049947558077,0.7458175909466561,0.0031199986104170937,0.001029290792793942,0.7504427551308477
1706010205,Lower Imnaha River,Grande Ronde / Imnaha,Imnaha River mainstem,IRMAI,Imnaha River,Imnaha River,IRMAI-s,NA,NA,NA,0.002889525433165162,3.9879468029856857e-4,1.6191375265199628,0.15199911101488092,0.002889525433165162,3.9879468029856857e-4,0.13075135413930838,0.002848423607389036,8.896625894781068e-4,2.9684440831467676,0.643161031120736,0.002848423607389036,8.896625894781068e-4,0.4630180718146486
1706010301,Cherry Creek-Snake River,NA,NA,NA,Hells Canyon,Hells Canyon,SNHCT-s,Snake River,Snake River Lower Mainstem,SNLMA-f,0.0044368610203754195,0.0013952967642379187,1.4497853471146678,0.15280140183777757,0.0044368610203754195,0.0013952967642379187,NA,0.003281933571621258,0.0012598924932896733,3.6115791199384737,0.7923455135538078,0.003281933571621258,0.0012598924932896733,NA
1706010302,George Creek-Asotin Creek,Lower Snake,Asotin Creek,SNASO,Lower Snake,Asotin Creek,SNASO-s,NA,NA,NA,NA,NA,NA,NA,NA,NA,0.16042805698467738,0.0025653799841663808,7.942868652260799e-4,3.1849680656720265,0.740555581625028,0.0025653799841663808,7.942868652260799e-4,0.5486628217623571
1706010303,Captain John Creek-Snake River,NA,NA,NA,Lower Snake,Asotin Creek,SNASO-s,Snake River,Snake River Lower Mainstem,SNLMA-f,0.0030973586792571984,7.205558503281534e-4,3.659803706748265,0.17280901208144028,0.0030973586792571984,7.205558503281534e-4,NA,0.0028337856166130234,0.0010956902818400709,4.031265520057357,0.8035954098141763,0.0028337856166130234,0.0010956902818400709,NA
1706010401,Upper Grande Ronde River,Grande Ronde / Imnaha,Grande Ronde River upper mainstem,GRUMA,Grande Ronde River,Grande Ronde River upper mainstem,GRUMA-s,NA,NA,NA,0.004688598701601248,0.0011457810932664373,1.6301009015115933,0.22431684761945872,0.004688598701601248,0.0011457810932664373,0.30684631649499844,0.003487492100546269,0.0014191373859322738,3.1769574180452063,0.8583519663422953,0.003487492100546269,0.0014191373859322738,0.795068205146048
1706010402,Meadow Creek,Grande Ronde / Imnaha,Grande Ronde River upper mainstem,GRUMA,Grande Ronde River,Grande Ronde River upper mainstem,GRUMA-s,NA,NA,NA,0.0037904848391267115,5.674235593219615e-4,1.6024749986465,0.18680526845766465,0.0037904848391267115,5.674235593219615e-4,0.2644873661645314,0.0034861773903880015,0.0015268601545894182,3.3138352393766013,1.0931518307534884,0.0034861773903880015,0.0015268601545894182,0.7697525614023623
1706010403,Beaver Creek-Grande Ronde River,Grande Ronde / Imnaha,Grande Ronde River upper mainstem,GRUMA,Grande Ronde River,Grande Ronde River upper mainstem,GRUMA-s,NA,NA,NA,0.002965608463066984,2.0968227692509837e-4,2.0317973174073654,0.1370181007409662,0.002965608463066984,2.0968227692509837e-4,0.25666777601921,0.003462887663258911,0.0015056590304674655,3.0928213967942995,0.9670744477873855,0.003462887663258911,0.0015056590304674655,0.9261367241219092
1706010404,Five Points Creek-Grande Ronde River,Grande Ronde / Imnaha,Grande Ronde River upper mainstem,GRUMA,Grande Ronde River,Grande Ronde River upper mainstem,GRUMA-s,NA,NA,NA,0.0025188165123820987,2.2289260375337483e-4,2.435870947701595,0.2169940788829095,0.0025188165123820987,2.2289260375337483e-4,NA,0.002909368974439123,0.0011215967954011023,3.2656559516506367,0.8130459876424642,0.002909368974439123,0.0011215967954011023,0.881591940975835
1706010405,Upper Catherine Creek,Grande Ronde / Imnaha,Catherine Creek,GRCAT,Grande Ronde River,Grande Ronde River upper mainstem,GRUMA-s,NA,NA,NA,0.003607748578439526,6.900257088386332e-4,1.8800102535419154,0.22805102685825226,0.003607748578439526,6.900257088386332e-4,0.4796027657138202,0.0026779812813739327,6.903480393875356e-4,3.1591964901884984,0.5524309756409713,0.0026779812813739327,6.903480393875356e-4,0.7130203550362442
1706010406,Ladd Creek,Grande Ronde / Imnaha,Catherine Creek,GRCAT,Grande Ronde River,Grande Ronde River upper mainstem,GRUMA-s,NA,NA,NA,NA,NA,NA,NA,NA,NA,0.08929267235973931,0.0027904324666647236,5.448194463651843e-4,3.9931877477214943,0.7638484252061756,0.0027904324666647236,5.448194463651843e-4,0.668586691730965
1706010407,Lower Catherine Creek,Grande Ronde / Imnaha,Grande Ronde River upper mainstem,GRUMA,Grande Ronde River,Grande Ronde River upper mainstem,GRUMA-s,NA,NA,NA,0.0031256170997445015,7.076190704059807e-4,2.4229871249794237,0.30672445481892335,0.0031256170997445015,7.076190704059807e-4,0.0625562884954912,0.0026758645475713078,8.110613097668794e-4,3.2998335935944043,0.6194042463421523,0.0026758645475713078,8.110613097668794e-4,NA
1706010408,Willow Creek,NA,NA,NA,Grande Ronde River,Grande Ronde River upper mainstem,GRUMA-s,NA,NA,NA,NA,NA,NA,NA,NA,NA,NA,0.0042405838998012335,0.001964196095650189,3.450093407939516,1.0445078364576228,0.0042405838998012335,0.001964196095650189,NA
1706010409,Indian Creek-Grande Ronde River,Grande Ronde / Imnaha,Catherine Creek,GRCAT,Grande Ronde River,Grande Ronde River upper mainstem,GRUMA-s,NA,NA,NA,0.002844623141331644,3.797424314140324e-4,2.2193133832887435,0.24002717550915673,0.002844623141331644,3.797424314140324e-4,NA,0.0025922221033951184,8.555932131325183e-4,3.154073325637952,0.6631801643963897,0.0025922221033951184,8.555932131325183e-4,1.2115053826677875
1706010410,Lookingglass Creek,Grande Ronde / Imnaha,Lookingglass Creek,GRLOO,Grande Ronde River,Grande Ronde River upper mainstem,GRUMA-s,NA,NA,NA,0.002810767643859913,2.7017246100482606e-4,1.6989656559288413,0.1645746101152422,0.002810767643859913,2.7017246100482606e-4,NA,0.0029308469842700387,0.0010253746664937878,2.9346473286217143,0.7817774696564346,0.0029308469842700387,0.0010253746664937878,0.6941306849843014
1706010411,Cabin Creek-Grande Ronde River,NA,NA,NA,Grande Ronde River,Grande Ronde River upper mainstem,GRUMA-s,NA,NA,NA,0.002327172095132581,1.9921489518719596e-4,3.3566662926538,0.24782079051316672,0.002327172095132581,1.9921489518719596e-4,NA,0.002930900823755165,0.0010726152194504175,3.0204543069725647,0.7617410136030228,0.002930900823755165,0.0010726152194504175,1.0840274422240845
1706010501,Upper Wallowa River,Grande Ronde / Imnaha,Lostine River,GRLOS,Grande Ronde River,Wallowa River,GRWAL-s,NA,NA,NA,0.00321977751715002,6.901211969917881e-4,1.6412963969544831,0.15768557149580611,0.00321977751715002,6.901211969917881e-4,NA,0.002486195358681981,5.990914671752523e-4,3.0826771872077283,0.531215885715511,0.002486195358681981,5.990914671752523e-4,0.8870628927671321
1706010502,Lostine River,Grande Ronde / Imnaha,Lostine River,GRLOS,Grande Ronde River,Wallowa River,GRWAL-s,NA,NA,NA,0.0022286247160929486,2.0240556790408835e-4,1.8553267489546006,0.1247783752967086,0.0022286247160929486,2.0240556790408835e-4,NA,0.0015275921486833212,1.628936085015734e-4,2.508741419059584,0.2136607380688484,0.0015275921486833212,1.628936085015734e-4,0.7413669142663099
1706010503,Middle Wallowa River,Grande Ronde / Imnaha,Lostine River,GRLOS,Grande Ronde River,Wallowa River,GRWAL-s,NA,NA,NA,0.0017385059196869056,1.62091561981e-4,1.449580184774218,0.07974496859371862,0.0017385059196869056,1.62091561981e-4,0.6204620396541933,0.0022721368227632,6.25052123722163e-4,2.6256950141469364,0.4996703122878986,0.0022721368227632,6.25052123722163e-4,1.2452215105679225
1706010504,Bear Creek,Grande Ronde / Imnaha,Lostine River,GRLOS,Grande Ronde River,Wallowa River,GRWAL-s,NA,NA,NA,0.002413234414107618,2.399607894886183e-4,1.5429242089892783,0.12931977091510538,0.002413234414107618,2.399607894886183e-4,0.3308745460971206,0.0021664948176380277,4.083700594249355e-4,2.5601432683587504,0.36105867391681956,0.0021664948176380277,4.083700594249355e-4,0.7117243295358018
1706010505,Minam River,Grande Ronde / Imnaha,Minam River,GRMIN,Grande Ronde River,Wallowa River,GRWAL-s,NA,NA,NA,0.0021861781847292445,2.3918312487172978e-4,1.5796218179959738,0.11047735346012373,0.0021861781847292445,2.3918312487172978e-4,NA,0.0017485449521322859,3.034211581884641e-4,2.4122645487789924,0.28421091902697965,0.0017485449521322859,3.034211581884641e-4,0.6627460805260361
1706010506,Lower Wallowa River,Grande Ronde / Imnaha,Lostine River,GRLOS,Grande Ronde River,Wallowa River,GRWAL-s,NA,NA,NA,0.002027117502038352,1.9065669684007407e-4,2.143763930238429,0.11007486562435283,0.002027117502038352,1.9065669684007407e-4,0.2445776789384399,0.002632066288406921,8.344263626166779e-4,3.0093291147680596,0.6218116762925068,0.002632066288406921,8.344263626166779e-4,NA
1706010601,Grossman Creek-Grande Ronde River,NA,NA,NA,Grande Ronde River,Grande Ronde River lower mainstem tributaries,GRLMT-s,NA,NA,NA,0.002485005524011401,3.158752221279278e-4,4.16037713708681,0.14984258811188,0.002485005524011401,3.158752221279278e-4,NA,0.002324183966581545,7.537925955363619e-4,3.4610131177292094,0.5847430849538625,0.002324183966581545,7.537925955363619e-4,0.20519821567393878
1706010602,Mud Creek-Grande Ronde River,NA,NA,NA,Grande Ronde River,Grande Ronde River lower mainstem tributaries,GRLMT-s,NA,NA,NA,0.0028965319346061238,3.8315789544815434e-4,2.632360981387474,0.16318184124746313,0.0028965319346061238,3.8315789544815434e-4,NA,0.0033806133166980955,0.0013108826971217024,2.82877807557983,0.8084262921323709,0.0033806133166980955,0.0013108826971217024,0.8835537316209473
1706010603,Wenaha River,Grande Ronde / Imnaha,Wenaha River,GRWEN,Grande Ronde River,Grande Ronde River lower mainstem tributaries,GRLMT-s,NA,NA,NA,0.0037942416040786576,7.746989308964639e-4,1.4564972949599755,0.17768482886092515,0.0037942416040786576,7.746989308964639e-4,0.30898984185112455,0.002479277008902679,6.735519115991529e-4,3.015928698141927,0.5400837882207338,0.002479277008902679,6.735519115991529e-4,0.6333048400071623
1706010604,Chesnimnus Creek,NA,NA,NA,Grande Ronde River,Joseph Creek,GRJOS-s,NA,NA,NA,NA,NA,NA,NA,NA,NA,NA,0.003852654959079486,0.0016375869851310491,3.038582944517344,0.9999941854974481,0.003852654959079486,0.0016375869851310491,0.937738879801066
1706010605,Upper Joseph Creek,NA,NA,NA,Grande Ronde River,Joseph Creek,GRJOS-s,NA,NA,NA,NA,NA,NA,NA,NA,NA,NA,0.0034371970471084074,0.0010977710510489578,3.4325581290532794,0.8917847222080579,0.0034371970471084074,0.0010977710510489578,1.0323351230226534
1706010606,Lower Joseph Creek,NA,NA,NA,Grande Ronde River,Joseph Creek,GRJOS-s,NA,NA,NA,NA,NA,NA,NA,NA,NA,NA,0.002627541666838358,9.151806044516812e-4,2.9465776031918858,0.6247392790440324,0.002627541666838358,9.151806044516812e-4,0.40568503684262536
1706010607,Lower Grande Ronde River,NA,NA,NA,Grande Ronde River,Grande Ronde River lower mainstem tributaries,GRLMT-s,Snake River,Snake River Lower Mainstem,SNLMA-f,0.0022515869771770744,2.2530613360942456e-4,4.52267606836554,0.1762605060790943,0.0022515869771770744,2.2530613360942456e-4,NA,0.0022512888359770443,7.964219798727226e-4,3.4146104821233805,0.5663208786893865,0.0022512888359770443,7.964219798727226e-4,0.12101651828947953
1706010701,Alpowa Creek,NA,NA,NA,Lower Snake,Asotin Creek,SNASO-s,NA,NA,NA,NA,NA,NA,NA,NA,NA,NA,0.0030578538815984047,0.0010067903604489101,3.6541435531849533,0.9780160555963957,0.0030578538815984047,0.0010067903604489101,NA
1706010702,Steptoe Canyon-Snake River,NA,NA,NA,Lower Snake,Asotin Creek,SNASO-s,Snake River,Snake River Lower Mainstem,SNLMA-f,0.0028871526090402016,7.486542133531008e-4,1.7503434718071669,0.14689029556695773,0.0028871526090402016,7.486542133531008e-4,NA,0.002820477114867782,8.957906472015885e-4,3.279076053175222,0.7011483073282128,0.002820477114867782,8.957906472015885e-4,NA
1706010703,Deadman Creek,NA,NA,NA,Lower Snake,Tucannon River,SNTUC-s,NA,NA,NA,NA,NA,NA,NA,NA,NA,NA,0.003566227656085178,0.0013078581613827332,3.8281882311554147,1.0376961542368075,0.003566227656085178,0.0013078581613827332,NA
1706010704,Flat Creek,NA,NA,NA,Lower Snake,Tucannon River,SNTUC-s,NA,NA,NA,NA,NA,NA,NA,NA,NA,NA,0.0029800121275678983,7.901093894231594e-4,3.476993739686576,0.8722089403253322,0.0029800121275678983,7.901093894231594e-4,NA
1706010705,Pataha Creek,Lower Snake,Tucannon River,SNTUC,Lower Snake,Tucannon River,SNTUC-s,NA,NA,NA,NA,NA,NA,NA,NA,NA,0.046048822533969504,0.0026538105135554668,6.824899778401679e-4,3.1314674721502107,0.7594780584078326,0.0026538105135554668,6.824899778401679e-4,0.6393874446121461
1706010706,Upper Tucannon River,Lower Snake,Tucannon River,SNTUC,Lower Snake,Tucannon River,SNTUC-s,NA,NA,NA,0.001832744449156417,2.332436422051504e-4,1.2139382452542404,0.1080910836975144,0.001832744449156417,2.332436422051504e-4,0.3567250485449931,0.0017641768656954811,3.701953262932682e-4,2.4392798279403993,0.4268423323110483,0.0017641768656954811,3.701953262932682e-4,0.667398188287979
1706010707,Lower Tucannon River,Lower Snake,Tucannon River,SNTUC,Lower Snake,Tucannon River,SNTUC-s,Snake River,Snake River Lower Mainstem,SNLMA-f,0.0012918535990468958,1.1375669674586459e-4,1.1246972068953243,0.08614876617726948,0.0012918535990468958,1.1375669674586459e-4,0.22466402539265753,0.0022971147599159104,5.986650512123237e-4,2.475176222452551,0.4436448985468461,0.0022971147599159104,5.986650512123237e-4,NA
1706010708,Penawawa Creek-Snake River,NA,NA,NA,Lower Snake,Tucannon River,SNTUC-s,Snake River,Snake River Lower Mainstem,SNLMA-f,0.0016699720459951747,1.6767468966523796e-4,1.770531594611511,0.11407479688717478,0.0016699720459951747,1.6767468966523796e-4,NA,0.002147805708540199,5.084549623751876e-4,2.830266509434634,0.4497437494852088,0.002147805708540199,5.084549623751876e-4,NA
1706010808,Willow Creek-Palouse River,NA,NA,NA,Lower Snake,Tucannon River,SNTUC-s,Snake River,Snake River Lower Mainstem,SNLMA-f,NA,NA,NA,NA,NA,NA,NA,0.0014452390858325757,2.3137181197845454e-4,3.689549831381343,0.3109350216062436,0.0014452390858325757,2.3137181197845454e-4,NA
1706011001,Walker Creek-Snake River,NA,NA,NA,Lower Snake,Tucannon River,SNTUC-s,Snake River,Snake River Lower Mainstem,SNLMA-f,0.001653001270293166,1.5898612152965587e-4,3.846455059040426,0.14593135247557673,0.001653001270293166,1.5898612152965587e-4,NA,0.0014585735359394858,2.397990331914458e-4,3.885172929289576,0.35444741656888507,0.0014585735359394858,2.397990331914458e-4,NA
1706011004,McCoy Creek-Snake River,NA,NA,NA,NA,NA,NA,Snake River,Snake River Lower Mainstem,SNLMA-f,0.0014970924168803117,1.6361799905418182e-4,3.8449040312099805,0.21075463608701933,0.0014970924168803117,1.6361799905418182e-4,NA,0.001442532093425801,2.374331512317619e-4,3.922818561030231,0.3753842043425929,0.001442532093425801,2.374331512317619e-4,NA
1706020101,Valley Creek,Upper Salmon River,Valley Creek,SRVAL,Salmon River,Salmon River upper mainstem,SRUMA-s,NA,NA,NA,0.004603038231813695,0.0014102792599615976,1.0861943174607793,0.1701464904481186,0.004603038231813695,0.0014102792599615976,NA,0.0037862468633620633,0.0011361369231032755,2.7952226589003732,0.6376108016178952,0.0037862468633620633,0.0011361369231032755,1.351070719167923
1706020102,Pole Creek-Salmon River,Upper Salmon River,Salmon River upper mainstem above Redfish Lake,SRUMA,Salmon River,Salmon River upper mainstem,SRUMA-s,NA,NA,NA,0.004129410120571724,0.001087068059292939,1.240910791930281,0.18007195302516907,0.004129410120571724,0.001087068059292939,1.1658372430104733,0.0033686586823479902,7.998351414903666e-4,2.699498738799613,0.47741967542746183,0.0033686586823479902,7.998351414903666e-4,1.5507241828518235
1706020103,Alturas Lake Creek,Upper Salmon River,Salmon River upper mainstem above Redfish Lake,SRUMA,Salmon River,Salmon River upper mainstem,SRUMA-s,NA,NA,NA,0.003451047614996373,6.769974205541819e-4,1.3595551377084256,0.17550276906174575,0.003451047614996373,6.769974205541819e-4,NA,0.0030291105644780847,5.932878238101801e-4,2.7226844923791855,0.4213188623676263,0.0030291105644780847,5.932878238101801e-4,1.4051808346290717
1706020104,Redfish Lake Creek-Salmon River,Upper Salmon River,Salmon River upper mainstem above Redfish Lake,SRUMA,Salmon River,Salmon River upper mainstem,SRUMA-s,NA,NA,NA,0.0033114711765995985,7.900979997142991e-4,1.1224354482533818,0.1255219125527869,0.0033114711765995985,7.900979997142991e-4,NA,0.0028620259133546864,6.375834448518037e-4,2.3373585665284304,0.39393436894782,0.0028620259133546864,6.375834448518037e-4,1.4786225831096294
1706020105,Yankee Fork,Upper Salmon River,Yankee Fork,SRYFS,Salmon River,Salmon River upper mainstem,SRUMA-s,NA,NA,NA,0.004902448456460843,0.0015941930798206115,0.6954399291477984,0.11639204394135401,0.004902448456460843,0.0015941930798206115,NA,0.0037643546994577093,0.0011641812183652116,2.630195046510609,0.5577161174689326,0.0037643546994577093,0.0011641812183652116,1.3577424430477758
1706020106,Basin Creek-Salmon River,Upper Salmon River,Salmon River lower mainstem below Redfish Lake,SRLMA,Salmon River,Salmon River upper mainstem,SRUMA-s,NA,NA,NA,0.003456165839555212,9.005549702990771e-4,0.8610101100109884,0.11180731040817297,0.003456165839555212,9.005549702990771e-4,0.3909703314663202,0.0028098526328756406,6.128680578004951e-4,2.266008611259426,0.3697330239454643,0.0028098526328756406,6.128680578004951e-4,0.9970161603163165
1706020107,Warm Springs Creek,Upper Salmon River,Salmon River lower mainstem below Redfish Lake,SRLMA,Salmon River,Salmon River upper mainstem,SRUMA-s,NA,NA,NA,0.002229712157523617,2.535435440223368e-4,1.0077774051390629,0.10327388889169749,0.002229712157523617,2.535435440223368e-4,0.152562540481532,0.0020299652408202586,2.8752855636457567e-4,2.086474466301823,0.21495562016980468,0.0020299652408202586,2.8752855636457567e-4,1.4272444756735407
1706020108,Squaw Creek,Upper Salmon River,Salmon River lower mainstem below Redfish Lake,SRLMA,Salmon River,Salmon River upper mainstem,SRUMA-s,NA,NA,NA,0.003233462229448066,6.444740007862819e-4,0.8272254843781522,0.11972744241589314,0.003233462229448066,6.444740007862819e-4,0.34774639950067254,0.0028732991284001995,5.845103468467116e-4,2.432451059126876,0.49721319274704884,0.0028732991284001995,5.845103468467116e-4,0.8218292612314722
1706020109,Slate Creek-Salmon River,Upper Salmon River,Salmon River lower mainstem below Redfish Lake,SRLMA,Salmon River,Salmon River upper mainstem,SRUMA-s,NA,NA,NA,0.0027686760206445432,5.545675834371698e-4,1.161700324682621,0.11344025662381813,0.0027686760206445432,5.545675834371698e-4,NA,0.0023862914057158737,4.043651197170268e-4,2.3855163810999467,0.2845905627941119,0.0023862914057158737,4.043651197170268e-4,NA
1706020110,Upper East Fork Salmon River,Upper Salmon River,East Fork Salmon River,SREFS,Salmon River,East Fork Salmon River,SREFS-s,NA,NA,NA,0.002851377666162362,4.3559706909699513e-4,0.9804407947427709,0.1277738165880211,0.002851377666162362,4.3559706909699513e-4,NA,0.0028386108843723515,4.510681561831069e-4,2.4476432992571318,0.33787881217387516,0.0028386108843723515,4.510681561831069e-4,0.8160461876632283
1706020111,Middle East Fork Salmon River,Upper Salmon River,East Fork Salmon River,SREFS,Salmon River,East Fork Salmon River,SREFS-s,NA,NA,NA,0.002955268023163341,6.505632476037143e-4,0.8209558921981043,0.09632567578590842,0.002955268023163341,6.505632476037143e-4,NA,0.0028784502802308657,5.999665683215315e-4,2.365198014942527,0.3945316607602957,0.0028784502802308657,5.999665683215315e-4,1.1846747008824976
1706020112,Herd Creek,Upper Salmon River,East Fork Salmon River,SREFS,Salmon River,East Fork Salmon River,SREFS-s,NA,NA,NA,0.003497636862154107,8.015941384107117e-4,0.7504309238820539,0.12216779063526202,0.003497636862154107,8.015941384107117e-4,0.3395434773198893,0.00332164664330585,7.198680813118831e-4,2.42516225944141,0.501217345172333,0.00332164664330585,7.198680813118831e-4,1.0674570761123683
1706020113,Lower East Fork Salmon River,Upper Salmon River,East Fork Salmon River,SREFS,Salmon River,East Fork Salmon River,SREFS-s,NA,NA,NA,0.001915482839844767,2.1246631586460682e-4,1.1392253789177342,0.07683881414454814,0.001915482839844767,2.1246631586460682e-4,0.6518259799214422,0.001827453420001448,2.3123976661265668e-4,2.080499032042005,0.17852757462299693,0.001827453420001448,2.3123976661265668e-4,1.918281911096393
1706020114,Bayhorse Creek-Salmon River,Upper Salmon River,Salmon River lower mainstem below Redfish Lake,SRLMA,Salmon River,East Fork Salmon River,SREFS-s,NA,NA,NA,0.0023218743129261974,3.422127365131016e-4,2.741452848215552,0.10635476637247286,0.0023218743129261974,3.422127365131016e-4,0.3899394546263838,0.00197488975498611,3.3127444112932025e-4,2.746456611853457,0.23424277710280628,0.00197488975498611,3.3127444112932025e-4,NA
1706020115,Warm Spring Creek,Upper Salmon River,Salmon River lower mainstem below Redfish Lake,SRLMA,Salmon River,East Fork Salmon River,SREFS-s,NA,NA,NA,NA,NA,NA,NA,NA,NA,NA,NA,NA,NA,NA,NA,NA,NA
1706020116,Challis Creek,Upper Salmon River,Salmon River lower mainstem below Redfish Lake,SRLMA,Salmon River,East Fork Salmon River,SREFS-s,NA,NA,NA,0.0019651829326284187,2.0755706729152877e-4,1.2830790034927653,0.09784947237029606,0.0019651829326284187,2.0755706729152877e-4,0.3713597533353227,0.0018702629201017582,2.6358002502153386e-4,2.016873025547265,0.27424091686762253,0.0018702629201017582,2.6358002502153386e-4,1.320558104263162
1706020117,Morgan Creek,Upper Salmon River,Salmon River lower mainstem below Redfish Lake,SRLMA,Salmon River,East Fork Salmon River,SREFS-s,NA,NA,NA,0.003418594619462421,8.301092767059121e-4,0.8711923242462263,0.1228299773485216,0.003418594619462421,8.301092767059121e-4,0.32326402989196656,0.003057247865825411,7.28799744346947e-4,2.4176649815410403,0.5524123561525154,0.003057247865825411,7.28799744346947e-4,0.9393182170046748
1706020118,Garden Creek-Salmon River,Upper Salmon River,Salmon River lower mainstem below Redfish Lake,SRLMA,Salmon River,East Fork Salmon River,SREFS-s,NA,NA,NA,0.0027723486750009085,5.039131531836146e-4,2.805734065398825,0.1272893658572932,0.0027723486750009085,5.039131531836146e-4,NA,0.002334288643068697,4.936504903446534e-4,3.0332454338137116,0.41495780415826505,0.002334288643068697,4.936504903446534e-4,1.3148109575020732
1706020201,Upper Pahsimeroi River,Upper Salmon River,Pahsimeroi River,SRPAH,Salmon River,Pahsimeroi River,SRPAH-s,NA,NA,NA,NA,NA,NA,NA,NA,NA,0.5456368467235904,NA,NA,NA,NA,NA,NA,1.5320224527302762
1706020202,Middle Pahsimeroi River,Upper Salmon River,Pahsimeroi River,SRPAH,Salmon River,Pahsimeroi River,SRPAH-s,NA,NA,NA,NA,NA,NA,NA,NA,NA,1.121113825810552,NA,NA,NA,NA,NA,NA,1.7850378937531663
1706020203,Lower Pahsimeroi River,Upper Salmon River,Pahsimeroi River,SRPAH,Salmon River,Pahsimeroi River,SRPAH-s,NA,NA,NA,0.002173281089522806,2.038238557341053e-4,1.8338067114136622,0.10294428959925357,0.002173281089522806,2.038238557341053e-4,1.3339621819639678,0.0023534270519036866,3.911888146538236e-4,2.5999702111578125,0.371554237162013,0.0023534270519036866,3.911888146538236e-4,1.8925356593720466
1706020301,Hat Creek-Salmon River,Upper Salmon River,Salmon River lower mainstem below Redfish Lake,SRLMA,Salmon River,Pahsimeroi River,SRPAH-s,NA,NA,NA,0.002400494459896526,2.7095991380080486e-4,3.551516964195091,0.13457428044189965,0.002400494459896526,2.7095991380080486e-4,0.15937837571471525,0.0016593902845331717,2.7712827554543073e-4,3.4644287461473495,0.2789806306300756,0.0016593902845331717,2.7712827554543073e-4,0.3718393475144174
1706020302,Iron Creek-Salmon River,Upper Salmon River,Salmon River lower mainstem below Redfish Lake,SRLMA,Salmon River,Pahsimeroi River,SRPAH-s,NA,NA,NA,0.003092181204336101,5.547164550855006e-4,2.280023938632895,0.14109874756839386,0.003092181204336101,5.547164550855006e-4,0.15599145769341424,0.002463807387114178,5.453425859675541e-4,3.2407393198248937,0.4659882440656806,0.002463807387114178,5.453425859675541e-4,0.5373652076948457
1706020303,Twelvemile Creek-Salmon River,Upper Salmon River,Salmon River lower mainstem below Redfish Lake,SRLMA,Salmon River,Pahsimeroi River,SRPAH-s,NA,NA,NA,0.0021154958042694408,1.6096502332556766e-4,4.53260115802784,0.1288162562277243,0.0021154958042694408,1.6096502332556766e-4,0.004260835657180669,0.0011837021711451074,1.383323933622315e-4,3.7159206625482653,0.1680647867251951,0.0011837021711451074,1.383323933622315e-4,0.24576904668689753
1706020304,Williams Creek-Salmon River,Upper Salmon River,Salmon River lower mainstem below Redfish Lake,SRLMA,Salmon River,Pahsimeroi River,SRPAH-s,NA,NA,NA,0.0020563868306124437,1.8320532029346344e-4,4.364940550703462,0.16133264176346848,0.0020563868306124437,1.8320532029346344e-4,0.007361991358258002,9.704920457832134e-4,1.4018703247272522e-4,3.7045945786974617,0.2451979295997238,9.704920457832134e-4,1.4018703247272522e-4,0.9032900291223068
1706020305,Carmen Creek-Salmon River,Upper Salmon River,Lemhi River,SRLEM,Salmon River,Lemhi River,SRLEM-s,NA,NA,NA,0.0026113790656182253,3.304593235213843e-4,3.581026883496029,0.1760714844583736,0.0026113790656182253,3.304593235213843e-4,0.11116116054848758,9.911845544188958e-4,1.1447599017679137e-4,3.937864529799702,0.2917438112198515,9.911845544188958e-4,1.1447599017679137e-4,0.5973393874984614
1706020306,North Fork Salmon River,Upper Salmon River,North Fork Salmon River,SRNFS,Salmon River,North Fork Salmon River,SRNFS-s,NA,NA,NA,0.003350884321590448,6.699177816845282e-4,1.062087980677442,0.13728417691262815,0.003350884321590448,6.699177816845282e-4,0.3482341491085922,0.003011636989062562,8.333026976398446e-4,2.666415045062861,0.5082772398778141,0.003011636989062562,8.333026976398446e-4,0.8414799406869389
1706020307,Indian Creek-Salmon River,Upper Salmon River,North Fork Salmon River,SRNFS,Salmon River,North Fork Salmon River,SRNFS-s,NA,NA,NA,0.002807905943033655,4.0242069241379813e-4,2.777318261213927,0.1637867237723151,0.002807905943033655,4.0242069241379813e-4,0.10603166461353096,0.002472674789051058,6.754356019301703e-4,2.901310369486492,0.4609197479012545,0.002472674789051058,6.754356019301703e-4,0.28670112526489644
1706020308,Pine Creek-Salmon River,Upper Salmon River,North Fork Salmon River,SRNFS,Salmon River,North Fork Salmon River,SRNFS-s,NA,NA,NA,0.003241068240473276,6.40282894393041e-4,3.1055636359345424,0.17448671322695106,0.003241068240473276,6.40282894393041e-4,0.004378971115990113,0.0021084237915958083,5.885700990793852e-4,3.3104772641566425,0.4368121066416757,0.0021084237915958083,5.885700990793852e-4,0.2101307465293975
1706020309,Upper Panther Creek,Upper Salmon River,Panther Creek,SRPAN,Salmon River,Panther Creek,SRPAN-s,NA,NA,NA,0.00406479655843545,8.948847281371538e-4,1.0731966047685504,0.18620145272438476,0.00406479655843545,8.948847281371538e-4,0.39511260337708626,0.0032152769859160554,7.339258557053208e-4,2.8025646820194647,0.646029062275017,0.0032152769859160554,7.339258557053208e-4,1.3172753340923549
1706020310,Napias Creek,Upper Salmon River,Panther Creek,SRPAN,Salmon River,Panther Creek,SRPAN-s,NA,NA,NA,0.0021790463650718374,2.1629622174435483e-4,0.7690578090310553,0.09630265770649951,0.0021790463650718374,2.1629622174435483e-4,0.1722316276426746,0.001540937829255,1.58472782092e-4,1.814029392360773,0.133902431771989,0.001540937829255,1.58472782092e-4,0.9506697190087191
1706020311,Middle Panther Creek,Upper Salmon River,Panther Creek,SRPAN,Salmon River,Panther Creek,SRPAN-s,NA,NA,NA,0.0030067212406595665,5.716020647441577e-4,1.0212877311196549,0.1375791719251946,0.0030067212406595665,5.716020647441577e-4,0.4092863405960378,0.0017158726838181113,2.2969151525399428e-4,1.8930400072144427,0.20642850104232774,0.0017158726838181113,2.2969151525399428e-4,0.9632516235410836
1706020312,Lower Panther Creek,Upper Salmon River,Panther Creek,SRPAN,Salmon River,Panther Creek,SRPAN-s,NA,NA,NA,0.002567037690363689,3.50238277227718e-4,1.2052472466808342,0.12515278866189894,0.002567037690363689,3.50238277227718e-4,0.4616925344161009,0.0028031554441057273,7.430473483154918e-4,2.54645446706946,0.4709670962387046,0.0028031554441057273,7.430473483154918e-4,0.7051359027654105
1706020313,Owl Creek-Salmon River,Upper Salmon River,Panther Creek,SRPAN,Salmon River,Panther Creek,SRPAN-s,NA,NA,NA,0.002164152199920919,1.7648465648666684e-4,4.501224108912623,0.21018416841091025,0.002164152199920919,1.7648465648666684e-4,0.02800788334113337,0.0017679494041472215,3.4662785205211345e-4,3.2699996631711445,0.4129776276623785,0.0017679494041472215,3.4662785205211345e-4,0.2800819738654022
1706020401,Texas Creek,Upper Salmon River,Lemhi River,SRLEM,Salmon River,Lemhi River,SRLEM-s,NA,NA,NA,NA,NA,NA,NA,NA,NA,1.2281724567702248,NA,NA,NA,NA,NA,NA,1.5547960485877712
1706020402,Hawley Creek,Upper Salmon River,Lemhi River,SRLEM,Salmon River,Lemhi River,SRLEM-s,NA,NA,NA,NA,NA,NA,NA,NA,NA,0.5708825339928214,NA,NA,NA,NA,NA,NA,1.3460727642931272
1706020403,Eighteenmile Creek,Upper Salmon River,Lemhi River,SRLEM,Salmon River,Lemhi River,SRLEM-s,NA,NA,NA,0.002740520581299,2.93720423333e-4,0.886030478976807,0.071735156967104,0.002740520581299,2.93720423333e-4,0.6967365296918472,0.001966207098106,2.4132793209000002e-4,1.891152420132994,0.193155289341359,0.001966207098106,2.4132793209000002e-4,1.8254882222847846
1706020404,Timber Creek,Upper Salmon River,Lemhi River,SRLEM,Salmon River,Lemhi River,SRLEM-s,NA,NA,NA,NA,NA,NA,NA,NA,NA,0.5313544360954761,NA,NA,NA,NA,NA,NA,1.157633856013627
1706020405,Upper Lemhi River,Upper Salmon River,Lemhi River,SRLEM,Salmon River,Lemhi River,SRLEM-s,NA,NA,NA,0.0024920441964792414,2.376161802565805e-4,0.9197919098660496,0.08853723420422853,0.0024920441964792414,2.376161802565805e-4,0.7008737305035146,0.0020733082599732515,2.180402212811682e-4,2.044327247573439,0.19606597763778727,0.0020733082599732515,2.180402212811682e-4,1.4616143252207738
1706020406,Hayden Creek,Upper Salmon River,Lemhi River,SRLEM,Salmon River,Lemhi River,SRLEM-s,NA,NA,NA,0.002877741195629212,4.5992114015877794e-4,0.7832201984644314,0.11552767786900597,0.002877741195629212,4.5992114015877794e-4,0.252195380319002,0.002718152966678634,7.003952724679279e-4,2.4504350358914824,0.4482772016958078,0.002718152966678634,7.003952724679279e-4,0.7433745255001075
1706020407,Middle Lemhi River,Upper Salmon River,Lemhi River,SRLEM,Salmon River,Lemhi River,SRLEM-s,NA,NA,NA,0.002053666558031991,1.6340937504559435e-4,1.3779225960308359,0.1039587487269783,0.002053666558031991,1.6340937504559435e-4,0.5262179117732816,0.0022943118385943097,4.508107644357685e-4,2.156715438654206,0.3333824442986139,0.0022943118385943097,4.508107644357685e-4,1.4058142153304007
1706020408,Lower Lemhi River,Upper Salmon River,Lemhi River,SRLEM,Salmon River,Lemhi River,SRLEM-s,NA,NA,NA,0.0021131002774387097,1.5472531818694398e-4,1.7474188723458337,0.11274288297591811,0.0021131002774387097,1.5472531818694398e-4,0.23838804301921612,0.001961355487183229,4.1136454418168756e-4,2.3303892963814827,0.3874342520328378,0.001961355487183229,4.1136454418168756e-4,1.188816832621736
1706020501,Elk Creek,Middle Fork Salmon River,Bear Valley Creek,MFBEA,Salmon River,Middle Fork Salmon River upper mainstem,MFUMA-s,NA,NA,NA,0.004504162436039228,0.0012406918858088665,1.348114659149262,0.2168758033771076,0.004504162436039228,0.0012406918858088665,0.9736591612003787,0.003416385066793831,0.0011262036626486283,3.010387584102543,0.7741603080532731,0.003416385066793831,0.0011262036626486283,1.3537729232642266
1706020502,Bear Valley Creek,Middle Fork Salmon River,Bear Valley Creek,MFBEA,Salmon River,Middle Fork Salmon River upper mainstem,MFUMA-s,NA,NA,NA,0.003971984185759549,9.749527518103143e-4,1.3270415723063285,0.18758665940853705,0.003971984185759549,9.749527518103143e-4,1.062519378504916,0.0031804773039596926,9.937425377390702e-4,2.701548866024762,0.5763962825633656,0.0031804773039596926,9.937425377390702e-4,1.396886142783871
1706020503,Marsh Creek,Middle Fork Salmon River,Marsh Creek,MFMAR,Salmon River,Middle Fork Salmon River upper mainstem,MFUMA-s,NA,NA,NA,0.004251214039884855,0.0011274799705968497,1.2803784293595812,0.19678081637193906,0.004251214039884855,0.0011274799705968497,0.6646974623792211,0.003514135989108538,0.0010966630099560808,2.8279987265598194,0.5597853771661878,0.003514135989108538,0.0010966630099560808,1.401708449119098
1706020504,Elkhorn Creek-Middle Fork Salmon River,Middle Fork Salmon River,Middle Fork Salmon River above Indian Creek,MFUMA,Salmon River,Middle Fork Salmon River upper mainstem,MFUMA-s,NA,NA,NA,0.0028882679662281855,6.518130152725345e-4,1.2380887786168693,0.11515690203485847,0.0028882679662281855,6.518130152725345e-4,0.43894565951885417,0.002483088823347173,5.685057007092931e-4,2.4584854677318324,0.36868904067382524,0.002483088823347173,5.685057007092931e-4,0.9614236256642864
1706020505,Rapid River,Middle Fork Salmon River,Middle Fork Salmon River above Indian Creek,MFUMA,Salmon River,Middle Fork Salmon River upper mainstem,MFUMA-s,NA,NA,NA,0.002912099685107457,5.481115376821209e-4,1.1558786284349225,0.13441156604642293,0.002912099685107457,5.481115376821209e-4,0.3081435734762193,0.0025952711319320878,5.651709412404209e-4,2.3963833255014513,0.37958225892327463,0.0025952711319320878,5.651709412404209e-4,1.0260740418813734
1706020506,Pistol Creek,Middle Fork Salmon River,Middle Fork Salmon River above Indian Creek,MFUMA,Salmon River,Middle Fork Salmon River upper mainstem,MFUMA-s,NA,NA,NA,0.0029297929161618322,4.95040281763767e-4,1.2701915466135791,0.13475797545628246,0.0029297929161618322,4.95040281763767e-4,0.4887839833152564,0.002571972175218296,5.54438890037295e-4,2.484841634234188,0.3774892933006988,0.002571972175218296,5.54438890037295e-4,0.9248984664775763
1706020507,Indian Creek,Middle Fork Salmon River,Middle Fork Salmon River above Indian Creek,MFUMA,Salmon River,Middle Fork Salmon River upper mainstem,MFUMA-s,NA,NA,NA,0.0035852042535134097,8.086582404779923e-4,1.0948612223173473,0.14315626970463832,0.0035852042535134097,8.086582404779923e-4,0.446322792118625,0.002837188137613671,6.39892485001092e-4,2.4795733969850393,0.4158495819544036,0.002837188137613671,6.39892485001092e-4,0.8737691472269578
1706020508,Marble Creek,Middle Fork Salmon River,Middle Fork Salmon River above Indian Creek,MFUMA,Salmon River,Middle Fork Salmon River upper mainstem,MFUMA-s,NA,NA,NA,0.003662358654995923,8.581343527383223e-4,1.0252975856201112,0.13890381815067945,0.003662358654995923,8.581343527383223e-4,0.38939348339804963,0.0031041025111812363,8.07707823723064e-4,2.4942639215738507,0.5247829872112083,0.0031041025111812363,8.07707823723064e-4,0.8620694436381366
1706020509,Little Loon Creek-Middle Fork Salmon River,Middle Fork Salmon River,Middle Fork Salmon River below Indian Creek,MFLMA,Salmon River,Middle Fork Salmon River upper mainstem,MFUMA-s,NA,NA,NA,0.003536950238170962,0.0010869093942228257,1.5321571462724308,0.1125544380408481,0.003536950238170962,0.0010869093942228257,0.08558874065697743,0.001854239870420507,3.301714399483504e-4,2.3391897759162332,0.23725274031501392,0.001854239870420507,3.301714399483504e-4,0.5516028464985058
1706020510,Upper Loon Creek,Middle Fork Salmon River,Loon Creek,MFLOO,Salmon River,"Big, Camas, and Loon Creek",MFBIG-s,NA,NA,NA,0.0035711910583400503,8.321660172718269e-4,1.0908904221761595,0.15857554503088914,0.0035711910583400503,8.321660172718269e-4,0.4484209659205766,0.003233237181688838,8.109614276271452e-4,2.580631824934207,0.46220308637972785,0.003233237181688838,8.109614276271452e-4,1.0454084068387728
1706020511,Warm Spring Creek,Middle Fork Salmon River,Loon Creek,MFLOO,Salmon River,"Big, Camas, and Loon Creek",MFBIG-s,NA,NA,NA,0.003081404161962526,4.524766140539264e-4,0.8112251878424405,0.1510717086571818,0.003081404161962526,4.524766140539264e-4,0.2573267942750481,0.0030278245457942992,8.178770594420287e-4,2.7003438624971228,0.48943935602269184,0.0030278245457942992,8.178770594420287e-4,0.9424334138521695
1706020512,Lower Loon Creek,Middle Fork Salmon River,Loon Creek,MFLOO,Salmon River,"Big, Camas, and Loon Creek",MFBIG-s,NA,NA,NA,0.002421975491243302,2.566744399878477e-4,1.320360539542434,0.1184574057631729,0.002421975491243302,2.566744399878477e-4,0.2956477231302415,0.002146055120482192,4.667535166600285e-4,2.4548418081554555,0.3519245456774876,0.002146055120482192,4.667535166600285e-4,0.5300470578657787
1706020601,Upper Camas Creek,Middle Fork Salmon River,Camas Creek,MFCAM,Salmon River,"Big, Camas, and Loon Creek",MFBIG-s,NA,NA,NA,0.0035252064405238187,6.614028001331242e-4,1.0500505237612852,0.16946661495372695,0.0035252064405238187,6.614028001331242e-4,0.2988858745492131,0.0032258345830540524,9.261112932253973e-4,2.700895954457593,0.5486651354248729,0.0032258345830540524,9.261112932253973e-4,1.086517474119156
1706020602,Yellowjacket Creek,Middle Fork Salmon River,Camas Creek,MFCAM,Salmon River,"Big, Camas, and Loon Creek",MFBIG-s,NA,NA,NA,0.0036274843977106156,9.973815999074296e-4,1.1369989857616034,0.13924554831630162,0.0036274843977106156,9.973815999074296e-4,0.32777244557115937,0.002916926611330401,8.191533001092139e-4,2.6140248874981897,0.4555532218928141,0.002916926611330401,8.191533001092139e-4,1.0857793408679648
1706020603,Lower Camas Creek,Middle Fork Salmon River,Camas Creek,MFCAM,Salmon River,"Big, Camas, and Loon Creek",MFBIG-s,NA,NA,NA,0.004215650968963865,0.001217343923790666,1.0056359722374677,0.15162008792935577,0.004215650968963865,0.001217343923790666,0.40710603311185245,0.0023861276802213394,5.651591646138796e-4,2.6111617462524683,0.3870386542073909,0.0023861276802213394,5.651591646138796e-4,0.9557944144881236
1706020604,Wilson Creek-Middle Fork Salmon River,Middle Fork Salmon River,Middle Fork Salmon River below Indian Creek,MFLMA,Salmon River,"Big, Camas, and Loon Creek",MFBIG-s,NA,NA,NA,0.0027289241004344444,4.8506883275234843e-4,2.5175258803749845,0.1336054929680273,0.0027289241004344444,4.8506883275234843e-4,0.07022244082470333,0.0019392890652502723,3.834587141994623e-4,2.8097391989400022,0.33106877942011115,0.0019392890652502723,3.834587141994623e-4,0.4151121435988972
1706020605,Upper Big Creek,Middle Fork Salmon River,Big Creek,MFBIG,Salmon River,"Big, Camas, and Loon Creek",MFBIG-s,NA,NA,NA,0.003281055579938392,6.305234049133095e-4,1.3711739851741127,0.18187001336300454,0.003281055579938392,6.305234049133095e-4,0.6014542327794102,0.0030467435273430895,7.092852024221036e-4,2.6909952824744288,0.45829094944659143,0.0030467435273430895,7.092852024221036e-4,1.101454003642919
1706020606,Middle Big Creek,Middle Fork Salmon River,Big Creek,MFBIG,Salmon River,"Big, Camas, and Loon Creek",MFBIG-s,NA,NA,NA,0.0025627054694652017,3.4356173662102534e-4,1.2275670142558563,0.14018863782562382,0.0025627054694652017,3.4356173662102534e-4,0.41452902151751,0.002979039519681796,8.1695288201697e-4,2.5774595846051684,0.46795087224267157,0.002979039519681796,8.1695288201697e-4,0.9147245547432548
1706020607,Monumental Creek,Middle Fork Salmon River,Big Creek,MFBIG,Salmon River,"Big, Camas, and Loon Creek",MFBIG-s,NA,NA,NA,0.0028525985349221504,4.96547122941431e-4,1.1578807881492479,0.14706501981232634,0.0028525985349221504,4.96547122941431e-4,0.5920728921268469,0.002577449574762293,4.925700657871447e-4,2.42577505356579,0.3755231138228585,0.002577449574762293,4.925700657871447e-4,0.8757075829134037
1706020608,Rush Creek,Middle Fork Salmon River,Big Creek,MFBIG,Salmon River,"Big, Camas, and Loon Creek",MFBIG-s,NA,NA,NA,0.0024233413001159814,3.0753720027647236e-4,1.06195367519007,0.11319014337282422,0.0024233413001159814,3.0753720027647236e-4,0.2681982266697925,0.0023719998145793034,4.7902570405864597e-4,2.1735429391997885,0.3486714678693545,0.0023719998145793034,4.7902570405864597e-4,0.802425066771614
1706020609,Lower Big Creek,Middle Fork Salmon River,Big Creek,MFBIG,Salmon River,"Big, Camas, and Loon Creek",MFBIG-s,NA,NA,NA,0.002044837515864921,2.2256142915168608e-4,1.3735286288769313,0.09140533581641636,0.002044837515864921,2.2256142915168608e-4,0.2599379452691073,0.0026765642506333437,7.612901683317834e-4,2.437586757442973,0.45307819377255776,0.0026765642506333437,7.612901683317834e-4,0.4498056832748566
1706020610,Papoose Creek-Middle Fork Salmon River,Middle Fork Salmon River,Middle Fork Salmon River below Indian Creek,MFLMA,Salmon River,"Big, Camas, and Loon Creek",MFBIG-s,NA,NA,NA,0.003270242292577907,8.570219544424311e-4,2.7456511065227174,0.13453061960001816,0.003270242292577907,8.570219544424311e-4,NA,0.0019315900352552188,3.995363421736057e-4,2.9281769995582594,0.2916872129136024,0.0019315900352552188,3.995363421736057e-4,0.03792792376063109
1706020701,Horse Creek,Middle Fork Salmon River,Middle Fork Salmon River below Indian Creek,MFLMA,Salmon River,Panther Creek,SRPAN-s,NA,NA,NA,0.0018913062971816928,1.9611388098718667e-4,1.2019144239229786,0.10116769567772281,0.0018913062971816928,1.9611388098718667e-4,0.35576240445138674,0.0025962614081516274,6.088699967280205e-4,2.4637785958766774,0.40717414199126545,0.0025962614081516274,6.088699967280205e-4,0.7596096902542718
1706020702,Cottonwood Creek-Salmon River,Middle Fork Salmon River,Middle Fork Salmon River below Indian Creek,MFLMA,Salmon River,Panther Creek,SRPAN-s,NA,NA,NA,0.001887004138435685,1.5784151136900303e-4,4.447438595188028,0.20999769122099363,0.001887004138435685,1.5784151136900303e-4,NA,0.0015608397040914517,2.5210023291289394e-4,3.135749596571424,0.33793799998401625,0.0015608397040914517,2.5210023291289394e-4,0.06230605452701635
1706020703,Chamberlain Creek,Middle Fork Salmon River,Chamberlain Creek,SRCHA,Salmon River,Chamberlain Creek,SRCHA-s,NA,NA,NA,0.0035944966073887027,8.77092514149823e-4,1.1661649297346524,0.16165479237400932,0.0035944966073887027,8.77092514149823e-4,0.4095118829517869,0.002770445770457081,7.290455504032296e-4,2.5853779346504644,0.4433332374348137,0.002770445770457081,7.290455504032296e-4,0.9377071869380301
1706020704,Sabe Creek,Middle Fork Salmon River,Chamberlain Creek,SRCHA,Salmon River,Chamberlain Creek,SRCHA-s,NA,NA,NA,NA,NA,NA,NA,NA,NA,NA,0.0026638043022413848,7.570792227110825e-4,2.6823368318624414,0.4191865690456533,0.0026638043022413848,7.570792227110825e-4,0.38701285640952615
1706020705,Big Squaw Creek-Salmon River,Middle Fork Salmon River,Chamberlain Creek,SRCHA,Salmon River,Chamberlain Creek,SRCHA-s,NA,NA,NA,0.0028586828150253003,6.522308232657368e-4,3.5480455521846674,0.20212670964832682,0.0028586828150253003,6.522308232657368e-4,0.01601734949858685,0.0019606553039558474,4.896741335930315e-4,3.1737438240847315,0.44007917185805523,0.0019606553039558474,4.896741335930315e-4,0.04537468232478515
1706020706,Bargamin Creek,Middle Fork Salmon River,Chamberlain Creek,SRCHA,Salmon River,Chamberlain Creek,SRCHA-s,NA,NA,NA,0.0033753104084149037,8.702019125615445e-4,1.2228128775427722,0.12880228266126506,0.0033753104084149037,8.702019125615445e-4,NA,0.00267936696343835,8.598285420998382e-4,2.7144901974625126,0.4607456866166673,0.00267936696343835,8.598285420998382e-4,NA
1706020707,Big Mallard Creek-Salmon River,Middle Fork Salmon River,Chamberlain Creek,SRCHA,Salmon River,Chamberlain Creek,SRCHA-s,NA,NA,NA,0.002873347954556905,5.685029111322067e-4,3.2945974667287223,0.19877079987586196,0.002873347954556905,5.685029111322067e-4,0.002965453730492409,0.0022368100919533227,5.723403905467509e-4,3.1159258949120887,0.4834450566334619,0.0022368100919533227,5.723403905467509e-4,0.014835098655491345
1706020708,Warren Creek,South Fork Salmon River,South Fork Salmon River mainstem,SFMAI,Salmon River,Chamberlain Creek,SRCHA-s,NA,NA,NA,0.002329833923953847,2.860484260141141e-4,1.2666904855165741,0.14339705009249157,0.002329833923953847,2.860484260141141e-4,0.3727323432978134,0.002212704845488531,3.6508355859493267e-4,2.2048474564754805,0.3356942018720313,0.002212704845488531,3.6508355859493267e-4,0.881311005483514
1706020709,Crooked Creek,South Fork Salmon River,South Fork Salmon River mainstem,SFMAI,Salmon River,Chamberlain Creek,SRCHA-s,NA,NA,NA,0.0034904823799867635,8.021757511510871e-4,1.1453782320131305,0.15425857879385177,0.0034904823799867635,8.021757511510871e-4,0.13195013939336644,0.0026997316984947984,6.753670780866005e-4,2.55298725720033,0.44363482870173215,0.0026997316984947984,6.753670780866005e-4,0.3933935045026165
1706020710,Wind River,South Fork Salmon River,South Fork Salmon River mainstem,SFMAI,Salmon River,Chamberlain Creek,SRCHA-s,NA,NA,NA,0.003808535776025603,9.582347208772164e-4,1.1239398196428045,0.17231900770481942,0.003808535776025603,9.582347208772164e-4,0.005003567362487571,0.002229818639369917,3.461941929162531e-4,2.3781803121922436,0.3312129668038306,0.002229818639369917,3.461941929162531e-4,0.007502998634891535
1706020711,Sheep Creek-Salmon River,South Fork Salmon River,South Fork Salmon River mainstem,SFMAI,Salmon River,Chamberlain Creek,SRCHA-s,NA,NA,NA,0.0025739113973224453,4.285349141988491e-4,3.335141634974599,0.19559995596896237,0.0025739113973224453,4.285349141988491e-4,0.023727015695335966,0.0023395763898270243,6.185720787814543e-4,3.041552815737168,0.47632730711920357,0.0023395763898270243,6.185720787814543e-4,0.08744203061587566
1706020801,Johnson Creek,South Fork Salmon River,East Fork South Fork Salmon River,SFEFS,Salmon River,South Fork Salmon River,SFMAI-s,NA,NA,NA,0.003065529260200272,5.772799772087581e-4,1.2703631747984887,0.16042929219799526,0.003065529260200272,5.772799772087581e-4,0.7255947540317876,0.002460958046247091,5.388124898678903e-4,2.3200797107110684,0.38408167784122715,0.002460958046247091,5.388124898678903e-4,1.0309712793995605
1706020802,Upper East Fork South Fork Salmon River,South Fork Salmon River,East Fork South Fork Salmon River,SFEFS,Salmon River,South Fork Salmon River,SFMAI-s,NA,NA,NA,0.0031407861599458647,5.832537732768249e-4,1.4558696993767464,0.2039976737315633,0.0031407861599458647,5.832537732768249e-4,0.4064989795798325,0.0025638066559685196,5.812815503383051e-4,2.760614023334885,0.412103021869729,0.0025638066559685196,5.812815503383051e-4,0.9803895532900909
1706020803,Lower East Fork South Fork Salmon River,South Fork Salmon River,East Fork South Fork Salmon River,SFEFS,Salmon River,South Fork Salmon River,SFMAI-s,NA,NA,NA,0.0017101431171457895,1.8089039292683079e-4,1.342951932658474,0.08950450404515223,0.0017101431171457895,1.8089039292683079e-4,0.16458238434446604,0.0019156835869194983,4.3662261298419797e-4,2.4761159065912874,0.2740964191101031,0.0019156835869194983,4.3662261298419797e-4,0.5351433940188477
1706020804,Upper South Fork Salmon River,South Fork Salmon River,South Fork Salmon River mainstem,SFMAI,Salmon River,South Fork Salmon River,SFMAI-s,NA,NA,NA,0.0031586284065200803,6.480643744719243e-4,1.2355171108217333,0.14890439174580528,0.0031586284065200803,6.480643744719243e-4,0.49383313408332496,0.0026250564546482858,6.545124855795049e-4,2.7367344223794867,0.4449317893755587,0.0026250564546482858,6.545124855795049e-4,0.8339312915824153
1706020805,Secesh River,South Fork Salmon River,Secesh River,SFSEC,Salmon River,Secesh River,SFSEC-s,NA,NA,NA,0.003240716319558141,7.032208531297979e-4,1.3215584111988858,0.1630376404280249,0.003240716319558141,7.032208531297979e-4,0.670179838907887,0.0022310427410899432,3.9346639238050166e-4,2.371059541036651,0.30278071002808205,0.0022310427410899432,3.9346639238050166e-4,1.0728207350309371
1706020806,Lower South Fork Salmon River,South Fork Salmon River,South Fork Salmon River mainstem,SFMAI,Salmon River,South Fork Salmon River,SFMAI-s,NA,NA,NA,0.002215219280015689,3.131594008283664e-4,2.1007450788186004,0.12437738252191051,0.002215219280015689,3.131594008283664e-4,0.032947096185528546,0.0017665014387686691,2.978898333655851e-4,2.5924592935112094,0.27851642751426936,0.0017665014387686691,2.978898333655851e-4,0.24658944248346956
1706020901,French Creek,South Fork Salmon River,South Fork Salmon River mainstem,SFMAI,Salmon River,Chamberlain Creek,SRCHA-s,NA,NA,NA,0.002303471353132548,2.3045665374421155e-4,1.1613440499034684,0.10667583337864958,0.002303471353132548,2.3045665374421155e-4,0.006539529995969883,0.0016884523666984446,1.7520532354766525e-4,2.293980298359142,0.22411265643977832,0.0016884523666984446,1.7520532354766525e-4,0.02180598536850433
1706020902,Partridge Creek-Salmon River,South Fork Salmon River,South Fork Salmon River mainstem,SFMAI,Salmon River,Chamberlain Creek,SRCHA-s,Snake River,Snake River Lower Mainstem,SNLMA-f,0.002373557274694598,2.5824662444606995e-4,4.165413529282673,0.2148305385240896,0.002373557274694598,2.5824662444606995e-4,0.052883533553195666,0.002322771202860871,7.318007054172977e-4,3.221090944664502,0.5443797600340472,0.002322771202860871,7.318007054172977e-4,0.07052599149611291
1706020903,Slate Creek,South Fork Salmon River,Little Salmon River,SRLSR,Salmon River,Little Salmon and Rapid River,SRLSR-s,NA,NA,NA,0.002999753007248823,5.268845800085281e-4,1.4754067235024488,0.165650717465835,0.002999753007248823,5.268845800085281e-4,0.23876636564933917,0.0026330257778309244,7.556967084342191e-4,2.5731175018098833,0.485636541064995,0.0026330257778309244,7.556967084342191e-4,0.6240448576181117
1706020904,Race Creek-Salmon River,South Fork Salmon River,Little Salmon River,SRLSR,Salmon River,Little Salmon and Rapid River,SRLSR-s,Snake River,Snake River Lower Mainstem,SNLMA-f,0.0024702115947126883,3.327851735969912e-4,3.9294110597311613,0.21559148340239231,0.0024702115947126883,3.327851735969912e-4,0.03251475885624447,0.002369936073764838,8.660107839734601e-4,3.3644294981566447,0.6638949383947726,0.002369936073764838,8.660107839734601e-4,0.0666561682200833
1706020905,Skookumchuck Creek-Salmon River,South Fork Salmon River,Little Salmon River,SRLSR,Salmon River,Little Salmon and Rapid River,SRLSR-s,Snake River,Snake River Lower Mainstem,SNLMA-f,0.003909319167607681,0.0010991088776562575,2.8561486161609575,0.1926892012510006,0.003909319167607681,0.0010991088776562575,NA,0.0025891023358053608,8.440340954523523e-4,3.3764508824606527,0.7320068258656116,0.0025891023358053608,8.440340954523523e-4,0.24953240147017802
1706020906,White Bird Creek,South Fork Salmon River,Little Salmon River,SRLSR,Salmon River,Little Salmon and Rapid River,SRLSR-s,NA,NA,NA,0.004372892340585565,0.0011726798693055243,1.0644338802013327,0.1648899467044557,0.004372892340585565,0.0011726798693055243,0.15139020723779784,0.0028201895519123785,8.307043053692776e-4,2.7851622894647132,0.6351603905917954,0.0028201895519123785,8.307043053692776e-4,0.5418581530556641
1706020907,Rock Creek,NA,NA,NA,Salmon River,Little Salmon and Rapid River,SRLSR-s,Snake River,Snake River Lower Mainstem,SNLMA-f,0.0021863177550765877,2.478119252324923e-4,1.1413495266240032,0.1414579982464458,0.0021863177550765877,2.478119252324923e-4,NA,NA,NA,NA,NA,NA,NA,0.694616370311017
1706020908,Rice Creek-Salmon River,NA,NA,NA,Salmon River,Little Salmon and Rapid River,SRLSR-s,Snake River,Snake River Lower Mainstem,SNLMA-f,0.002468339960802137,2.9572495513772393e-4,3.9625649876169233,0.22903893821265092,0.002468339960802137,2.9572495513772393e-4,NA,0.0010300232271645876,1.4392847134263892e-4,4.037593750808549,0.3746719747200225,0.0010300232271645876,1.4392847134263892e-4,0.13039178148732575
1706020909,Deep Creek-Salmon River,NA,NA,NA,Salmon River,Little Salmon and Rapid River,SRLSR-s,Snake River,Snake River Lower Mainstem,SNLMA-f,0.0026443447551339704,4.2778616613246053e-4,4.0060059644238715,0.2216105816838836,0.0026443447551339704,4.2778616613246053e-4,NA,0.0010155564715602402,1.4585284839478148e-4,3.9194989367896125,0.3551762958547532,0.0010155564715602402,1.4585284839478148e-4,0.07394322243713049
1706020910,Deer Creek-Salmon River,NA,NA,NA,Salmon River,Little Salmon and Rapid River,SRLSR-s,Snake River,Snake River Lower Mainstem,SNLMA-f,0.002610346186153535,4.2124575715155694e-4,4.10938520100467,0.2262578618986708,0.002610346186153535,4.2124575715155694e-4,NA,0.0010147189777383997,1.3196841266612964e-4,4.000467671520573,0.3653303929787697,0.0010147189777383997,1.3196841266612964e-4,NA
1706021001,Upper Little Salmon River,South Fork Salmon River,Little Salmon River,SRLSR,Salmon River,Little Salmon and Rapid River,SRLSR-s,NA,NA,NA,NA,NA,NA,NA,NA,NA,NA,NA,NA,NA,NA,NA,NA,0
1706021002,Middle Little Salmon River,South Fork Salmon River,Little Salmon River,SRLSR,Salmon River,Little Salmon and Rapid River,SRLSR-s,NA,NA,NA,0.0024103626711843356,2.539746647266e-4,2.27122395713498,0.19193586580298572,0.0024103626711843356,2.539746647266e-4,0.1509828805721336,0.0017002969315490445,2.0487893171464443e-4,2.6184411291148,0.25626986282189806,0.0017002969315490445,2.0487893171464443e-4,0.22396271587651911
1706021003,Hazard Creek,South Fork Salmon River,Little Salmon River,SRLSR,Salmon River,Little Salmon and Rapid River,SRLSR-s,NA,NA,NA,0.0025285709803062385,2.781618868962672e-4,1.2609539993204748,0.13918532021170943,0.0025285709803062385,2.781618868962672e-4,0.1855455525551342,0.002127001606243838,3.2841550600582695e-4,3.1671752685073806,0.40415256358511753,0.002127001606243838,3.2841550600582695e-4,0.23706966504994645
1706021004,Rapid River,South Fork Salmon River,Little Salmon River,SRLSR,Salmon River,Little Salmon and Rapid River,SRLSR-s,NA,NA,NA,0.0030369522963813087,5.888632066925209e-4,1.2607683496945583,0.12297010723364028,0.0030369522963813087,5.888632066925209e-4,NA,0.0024953475440397054,5.833821050705403e-4,2.54286991281649,0.34569688366962725,0.0024953475440397054,5.833821050705403e-4,0.4634107803180276
1706021005,Lower Little Salmon River,South Fork Salmon River,Little Salmon River,SRLSR,Salmon River,Little Salmon and Rapid River,SRLSR-s,NA,NA,NA,0.002931875887973897,4.333890772891197e-4,1.4220868549924697,0.14624643062214468,0.002931875887973897,4.333890772891197e-4,0.20484774763661298,0.0022116397075538923,4.98534429543198e-4,2.494529937961793,0.3769767165424518,0.0022116397075538923,4.98534429543198e-4,0.41175676832746727
1706030101,Headwaters Selway River,Wet Clearwater,Upper Selway River,SEUMA,Clearwater River,Selway River,CRSEL-s,NA,NA,NA,0.0031909004715961224,6.767927960680558e-4,1.2645789245559922,0.15121118965515057,0.0031909004715961224,6.767927960680558e-4,NA,0.0027447478519688263,6.607569180999517e-4,2.675379472393635,0.4280927564022518,0.0027447478519688263,6.607569180999517e-4,0.758735832737525
1706030102,Little Clearwater River,Wet Clearwater,Upper Selway River,SEUMA,Clearwater River,Selway River,CRSEL-s,NA,NA,NA,0.0030585487087858645,5.457383468985808e-4,1.1869956606806735,0.13727575345145568,0.0030585487087858645,5.457383468985808e-4,0.28170763118393627,0.0028952072658154308,7.13786127386789e-4,2.715308506784208,0.48966569795851533,0.0028952072658154308,7.13786127386789e-4,0.6840622541722488
1706030103,White Cap Creek,Wet Clearwater,Upper Selway River,SEUMA,Clearwater River,Selway River,CRSEL-s,NA,NA,NA,0.0031294569167990855,6.29477196315481e-4,1.2542152357479848,0.14732913138173864,0.0031294569167990855,6.29477196315481e-4,0.34035000220665773,0.0021575705390296475,3.1983296488900635e-4,2.5624958178197113,0.30167375307863287,0.0021575705390296475,3.1983296488900635e-4,0.5658648233183894
1706030104,Bad Luck Creek-Selway River,Wet Clearwater,Upper Selway River,SEUMA,Clearwater River,Selway River,CRSEL-s,NA,NA,NA,0.002372901536487937,3.7120183293504894e-4,1.3055376506976664,0.11773857504015123,0.002372901536487937,3.7120183293504894e-4,0.2853910492877087,0.0025160232324798718,6.5299119840887e-4,2.6212057867888956,0.42242588228851374,0.0025160232324798718,6.5299119840887e-4,0.7704134224462742
1706030105,Running Creek,Wet Clearwater,Upper Selway River,SEUMA,Clearwater River,Selway River,CRSEL-s,NA,NA,NA,0.003937440626887738,9.9752925135787e-4,1.1655142763655644,0.16396371081721403,0.003937440626887738,9.9752925135787e-4,0.0347772016494485,0.0027513279138764502,7.170604732301405e-4,2.8545574240221288,0.479523541491995,0.0027513279138764502,7.170604732301405e-4,0.9450841246076108
1706030106,Bear Creek,Wet Clearwater,Upper Selway River,SEUMA,Clearwater River,Selway River,CRSEL-s,NA,NA,NA,0.002279804149234335,2.3082411128357507e-4,1.526210468817183,0.12983314990099168,0.002279804149234335,2.3082411128357507e-4,NA,0.0020403835083662525,3.012494874068103e-4,2.4952508640616484,0.2962330309551112,0.0020403835083662525,3.012494874068103e-4,0.9094046063365216
1706030107,Pettibone Creek-Selway River,Wet Clearwater,Upper Selway River,SEUMA,Clearwater River,Selway River,CRSEL-s,NA,NA,NA,0.0035112441922881183,8.605583362144781e-4,1.4680911937977121,0.15590554825160935,0.0035112441922881183,8.605583362144781e-4,NA,0.0022164838325473336,5.04741718579127e-4,2.66166618359743,0.389434170252391,0.0022164838325473336,5.04741718579127e-4,0.5725533173315761
1706030201,Moose Creek,Wet Clearwater,Moose Creek,SEMOO,Clearwater River,Selway River,CRSEL-s,NA,NA,NA,0.0020842146694961252,1.971731044927444e-4,1.5340819428944388,0.12115332068971514,0.0020842146694961252,1.971731044927444e-4,NA,0.0021818578267993947,4.2790286902856696e-4,2.4973871201068327,0.35544367349057465,0.0021818578267993947,4.2790286902856696e-4,0.6869653259448587
1706030202,Three Links Creek-Selway River,Wet Clearwater,Moose Creek,SEMOO,Clearwater River,Selway River,CRSEL-s,NA,NA,NA,0.003092301408178022,6.952667763889512e-4,2.350489272748422,0.15128784712804508,0.003092301408178022,6.952667763889512e-4,0.05052135976377125,0.0019670536478831476,4.0556776214152514e-4,2.9611049905340048,0.35754991112358203,0.0019670536478831476,4.0556776214152514e-4,0.29738029076565287
1706030203,Meadow Creek,Wet Clearwater,Meadow Creek,SEMEA,Clearwater River,Selway River,CRSEL-s,NA,NA,NA,0.0034130121639627076,7.597379621949954e-4,1.2171258354039791,0.15164216380181045,0.0034130121639627076,7.597379621949954e-4,0.3180621769633286,0.0024502741324618402,5.720922579038165e-4,2.526660436067067,0.4137916332170407,0.0024502741324618402,5.720922579038165e-4,0.561031839458935
1706030204,Gedney Creek-Selway River,Wet Clearwater,Meadow Creek,SEMEA,Clearwater River,Selway River,CRSEL-s,NA,NA,NA,0.0023983632239310106,3.039497005231524e-4,3.0159278840612305,0.1422176383558237,0.0023983632239310106,3.039497005231524e-4,0.10730911185306245,0.002143951460390108,5.582725536947238e-4,2.994610082584951,0.44110972497928796,0.002143951460390108,5.582725536947238e-4,0.18884306323922517
1706030301,Crooked Fork Creek,Wet Clearwater,Lochsa River,CRLOC,Clearwater River,Lochsa River,CRLOC-s,NA,NA,NA,0.0030455605757824726,5.246958362123684e-4,1.4309097175017684,0.15033058531839003,0.0030455605757824726,5.246958362123684e-4,0.6021747188888461,0.002099387701343797,3.9073620826544095e-4,2.4326692983357057,0.31774445562223214,0.002099387701343797,3.9073620826544095e-4,1.0068139531601112
1706030302,Colt Killed Creek,Wet Clearwater,Lochsa River,CRLOC,Clearwater River,Lochsa River,CRLOC-s,NA,NA,NA,0.0026123947751928714,3.4565652844743936e-4,1.5536923516681758,0.15807088807356384,0.0026123947751928714,3.4565652844743936e-4,NA,0.002395692850960591,4.817862332455862e-4,2.6858302371904172,0.3595165367125038,0.002395692850960591,4.817862332455862e-4,0.503933807647926
1706030303,Upper Lochsa River,Wet Clearwater,Lochsa River,CRLOC,Clearwater River,Lochsa River,CRLOC-s,NA,NA,NA,0.0028338634057031476,4.022020543639751e-4,1.670509919942957,0.15559564958114058,0.0028338634057031476,4.022020543639751e-4,0.20019021613210264,0.002622626165528602,7.6489164301273e-4,2.6369432783292615,0.5099150864442967,0.002622626165528602,7.6489164301273e-4,0.7374169750780148
1706030304,Warm Springs Creek,Wet Clearwater,Lochsa River,CRLOC,Clearwater River,Lochsa River,CRLOC-s,NA,NA,NA,0.0022474329958010785,2.2720175997074902e-4,1.4902383930416225,0.12405831267971557,0.0022474329958010785,2.2720175997074902e-4,NA,0.001459415424407293,1.3894289409226743e-4,2.294555023510999,0.1995917859083555,0.001459415424407293,1.3894289409226743e-4,0.9205755476180423
1706030305,Middle Lochsa River,Wet Clearwater,Lochsa River,CRLOC,Clearwater River,Lochsa River,CRLOC-s,NA,NA,NA,0.0030263642043044255,5.530537918690185e-4,1.6877920044672787,0.1647919807166668,0.0030263642043044255,5.530537918690185e-4,0.20110246005179822,0.0022566133398857838,5.519621277403749e-4,2.738306942684824,0.40061388186965063,0.0022566133398857838,5.519621277403749e-4,0.5840854915522004
1706030306,Fish Creek,Wet Clearwater,Lochsa River,CRLOC,Clearwater River,Lochsa River,CRLOC-s,NA,NA,NA,0.0034407320103779426,6.229311536525651e-4,1.1857970421080941,0.15765395305438035,0.0034407320103779426,6.229311536525651e-4,0.2209614928787477,0.002704758094258557,8.870648350447985e-4,2.8564854405869062,0.5197154805697689,0.002704758094258557,8.870648350447985e-4,0.43277206791845246
1706030307,Lower Lochsa River,Wet Clearwater,Lochsa River,CRLOC,Clearwater River,Lochsa River,CRLOC-s,NA,NA,NA,0.002547856559720787,3.1854178400586184e-4,2.6886291293517366,0.14384725617006106,0.002547856559720787,3.1854178400586184e-4,NA,0.0025899181117709433,8.101211665492441e-4,2.904273705528276,0.536791343750423,0.0025899181117709433,8.101211665492441e-4,0.4192182800707469
1706030401,Clear Creek,Dry Clearwater,Lawyer Creek,SCLAW,Clearwater River,Clearwater River lower mainstem,CRLMA-s,NA,NA,NA,0.003780199145523894,8.582424047383355e-4,1.1831043060960356,0.17335721316662897,0.003780199145523894,8.582424047383355e-4,0.33263625000941355,0.0029334027889046546,0.0010771635213272985,2.9459923329763527,0.6923757621669917,0.0029334027889046546,0.0010771635213272985,0.8285921031702959
1706030402,Middle Fork Clearwater River,Wet Clearwater,Lochsa River,CRLOC,Clearwater River,Clearwater River lower mainstem,CRLMA-s,NA,NA,NA,0.0030161023487070633,6.004508703659774e-4,3.0870560549126522,0.16930152962419373,0.0030161023487070633,6.004508703659774e-4,0.12643654648378497,0.002026968083391728,5.503190719416559e-4,3.5101822008883468,0.5091763517699971,0.002026968083391728,5.503190719416559e-4,0.33573651597663773
1706030501,Red River,Dry Clearwater,Upper South Fork Clearwater,SCUMA,Clearwater River,South Fork Clearwater River,CRSFC-s,NA,NA,NA,0.0044381093425100845,0.0012047777091080182,1.2036363528750877,0.17956180461930332,0.0044381093425100845,0.0012047777091080182,0.47002512347638625,0.0030277833266754432,0.0010276847661072244,2.781957579539062,0.5935977674443422,0.0030277833266754432,0.0010276847661072244,1.2026750065373464
1706030502,American River,Dry Clearwater,Upper South Fork Clearwater,SCUMA,Clearwater River,South Fork Clearwater River,CRSFC-s,NA,NA,NA,0.004929560226829584,0.0014077151659663992,1.0772412393226625,0.2004885352909656,0.004929560226829584,0.0014077151659663992,0.6670660896662812,0.0032880019784445654,0.001271744998286148,3.135061034415711,0.8148243071576073,0.0032880019784445654,0.001271744998286148,1.1989079684751196
1706030503,Crooked River,Dry Clearwater,Upper South Fork Clearwater,SCUMA,Clearwater River,South Fork Clearwater River,CRSFC-s,NA,NA,NA,0.004503051175267916,0.001366153642454907,1.0118609081957186,0.14662522026457103,0.004503051175267916,0.001366153642454907,0.42670960797753515,0.002765402649320012,7.311683794216684e-4,2.5732336184067117,0.4825103597709781,0.002765402649320012,7.311683794216684e-4,0.9742951564207365
1706030504,Newsome Creek,Dry Clearwater,Upper South Fork Clearwater,SCUMA,Clearwater River,South Fork Clearwater River,CRSFC-s,NA,NA,NA,0.005725659021260993,0.0020679776985365545,0.9550797703166622,0.16929030679600154,0.005725659021260993,0.0020679776985365545,0.32438013152493533,0.0032764487851554194,0.0013592111229424522,2.7662433766786614,0.6974580350630707,0.0032764487851554194,0.0013592111229424522,1.0089830435959286
1706030505,Upper South Fork Clearwater River,Dry Clearwater,Upper South Fork Clearwater,SCUMA,Clearwater River,South Fork Clearwater River,CRSFC-s,NA,NA,NA,0.0027883435758059467,5.127898543151493e-4,1.5005533614347872,0.14029061781214247,0.0027883435758059467,5.127898543151493e-4,0.20391023914877948,0.0024044434537741056,6.483308470379018e-4,2.546458633617368,0.43394994781110047,0.0024044434537741056,6.483308470379018e-4,0.429352819619335
1706030506,Johns Creek,Dry Clearwater,Upper South Fork Clearwater,SCUMA,Clearwater River,South Fork Clearwater River,CRSFC-s,NA,NA,NA,0.004186340224540038,0.0012836509140562915,1.175548655853527,0.1599606806497085,0.004186340224540038,0.0012836509140562915,NA,0.002520664114215829,6.432190605791628e-4,2.5335755459846356,0.40288866000797047,0.002520664114215829,6.432190605791628e-4,0.16062142846519575
1706030507,Middle South Fork Clearwater River,Dry Clearwater,Upper South Fork Clearwater,SCUMA,Clearwater River,South Fork Clearwater River,CRSFC-s,NA,NA,NA,0.0027213968372902997,3.8177888400470943e-4,1.808927242312758,0.1442444182458835,0.0027213968372902997,3.8177888400470943e-4,0.11697343176100335,0.0021581282397126695,4.770516339926613e-4,2.86569305637694,0.44556825399767686,0.0021581282397126695,4.770516339926613e-4,0.5012578071087371
1706030508,Cottonwood Creek,Dry Clearwater,Lawyer Creek,SCLAW,Clearwater River,Clearwater River lower mainstem,CRLMA-s,NA,NA,NA,0.002150444785219,2.25551061737e-4,2.215764106950039,0.20181782389923603,0.002150444785219,2.25551061737e-4,0.25315885634443325,0.0022516315703532967,3.3575881378795837e-4,3.5237207227325342,0.5270401609148567,0.0022516315703532967,3.3575881378795837e-4,0.308459875374749
1706030509,Lower South Fork Clearwater River,Dry Clearwater,Lawyer Creek,SCLAW,Clearwater River,Clearwater River lower mainstem,CRLMA-s,NA,NA,NA,0.0016264753779785227,1.561057694409325e-4,2.437398625030027,0.12400663818775687,0.0016264753779785227,1.561057694409325e-4,0.32001355732458303,0.002821823212183476,9.707756913427372e-4,3.133263006298555,0.7061195128669406,0.002821823212183476,9.707756913427372e-4,1.4714899477336583
1706030601,Lawyer Creek,Dry Clearwater,Lawyer Creek,SCLAW,Clearwater River,Clearwater River lower mainstem,CRLMA-s,NA,NA,NA,NA,NA,NA,NA,NA,NA,0.43522841942823015,0.0025332223766536153,5.61893709116928e-4,3.2675619589837095,0.6074664694849479,0.0025332223766536153,5.61893709116928e-4,0.6339770635868094
1706030602,Lolo Creek,Wet Clearwater,Lolo Creek,CRLOL,Clearwater River,Lolo Creek,CRLOL-s,NA,NA,NA,0.0037919277748293236,8.063467113483439e-4,1.4495022575632344,0.18000434817336383,0.0037919277748293236,8.063467113483439e-4,0.39550684141986464,0.0024640891581118604,6.58606279405441e-4,3.2279908346630615,0.5933492583518509,0.0024640891581118604,6.58606279405441e-4,0.7305588009267735
1706030603,Jim Ford Creek,Wet Clearwater,Lolo Creek,CRLOL,Clearwater River,Clearwater River lower mainstem,CRLMA-s,NA,NA,NA,NA,NA,NA,NA,NA,NA,0.3248775744348475,0.0022124178355409497,4.244291114093336e-4,3.085622497014862,0.5266052127221645,0.0022124178355409497,4.244291114093336e-4,0.5230306413587121
1706030604,Orofino Creek,Wet Clearwater,Lolo Creek,CRLOL,Clearwater River,Clearwater River lower mainstem,CRLMA-s,Snake River,Snake River Lower Mainstem,SNLMA-f,0.004649612760136673,0.0018934026687977802,1.109704156063402,0.1402277545491164,0.004649612760136673,0.0018934026687977802,0.1749314036308177,0.0021523174778478563,4.179209775726716e-4,2.8933982306638577,0.4619141574484309,0.0021523174778478563,4.179209775726716e-4,0.2655832912774766
1706030605,Upper Clearwater River,Dry Clearwater,Lawyer Creek,SCLAW,Clearwater River,Clearwater River lower mainstem,CRLMA-s,Snake River,Snake River Lower Mainstem,SNLMA-f,0.003049229542623262,9.119845334406493e-4,3.0665459280193277,0.22283792855238604,0.003049229542623262,9.119845334406493e-4,0.056407797330596754,0.001795013935401029,5.118873544979191e-4,3.6714388328982306,0.5342320144005869,0.001795013935401029,5.118873544979191e-4,0.3338251691350743
1706030606,Big Canyon Creek,Dry Clearwater,Lapwai/Big Canyon,CRLAP,Clearwater River,Clearwater River lower mainstem,CRLMA-s,NA,NA,NA,0.003937798104264962,0.001110408520622803,1.2439748895775662,0.16649635281520322,0.003937798104264962,0.001110408520622803,0.9046280000336673,0.0028602306453347874,7.54182572924637e-4,3.3833016966872043,0.7018397908762413,0.0028602306453347874,7.54182572924637e-4,1.729605739847111
1706030607,Cottonwood Creek,Dry Clearwater,Lapwai/Big Canyon,CRLAP,Clearwater River,Clearwater River lower mainstem,CRLMA-s,NA,NA,NA,NA,NA,NA,NA,NA,NA,0.6042610975286056,0.0036241237220695976,0.0011517792270187201,3.8316771250664288,1.1224896423942525,0.0036241237220695976,0.0011517792270187201,1.232266055508757
1706030608,Upper Potlatch River,Dry Clearwater,Polatch River,CRPOT,Clearwater River,Clearwater River lower mainstem,CRLMA-s,NA,NA,NA,0.005068958103373212,0.001717763984265013,1.1786097715270645,0.1889926284609728,0.005068958103373212,0.001717763984265013,0.04420967361143592,0.0029267534611282617,8.324796770446543e-4,4.154123943934359,0.7610693088368164,0.0029267534611282617,8.324796770446543e-4,0.8337326589599408
1706030609,Middle Potlatch River,Dry Clearwater,Polatch River,CRPOT,Clearwater River,Clearwater River lower mainstem,CRLMA-s,NA,NA,NA,0.004373540594187204,0.0013696361568777367,1.348806137772314,0.16064439685656504,0.004373540594187204,0.0013696361568777367,0.4491357226748753,0.0025975692350491708,6.830727937697157e-4,3.159449023844566,0.5984759866884335,0.0025975692350491708,6.830727937697157e-4,1.1887786726098726
1706030610,Big Bear Creek,Dry Clearwater,Polatch River,CRPOT,Clearwater River,Clearwater River lower mainstem,CRLMA-s,NA,NA,NA,0.004403397346570258,0.0015281153492041515,1.1685787492136241,0.16576237399568716,0.004403397346570258,0.0015281153492041515,0.025834147163363148,0.0020038914720678282,3.7237186330301754e-4,2.6118489709479866,0.43321331552198517,0.0020038914720678282,3.7237186330301754e-4,0.4210401559810706
1706030611,Lower Potlatch River,Dry Clearwater,Polatch River,CRPOT,Clearwater River,Clearwater River lower mainstem,CRLMA-s,NA,NA,NA,0.0016806978520775577,1.814679957854105e-4,1.7961128111933933,0.14493984645369665,0.0016806978520775577,1.814679957854105e-4,NA,0.0022289238123967456,4.890505816997607e-4,3.1600446442577868,0.5541180686654232,0.0022289238123967456,4.890505816997607e-4,1.5164597917096974
1706030612,Lapwai Creek,Dry Clearwater,Lapwai/Big Canyon,CRLAP,Clearwater River,Clearwater River lower mainstem,CRLMA-s,NA,NA,NA,0.003566412053728323,7.565247074656617e-4,1.3667489829888133,0.17332590774976672,0.003566412053728323,7.565247074656617e-4,NA,0.003254337729012709,9.790701622221635e-4,3.377633234207746,0.8542373348644395,0.003254337729012709,9.790701622221635e-4,1.0129109233978304
1706030613,Lower Clearwater River,Dry Clearwater,Lapwai/Big Canyon,CRLAP,Clearwater River,Clearwater River lower mainstem,CRLMA-s,Snake River,Snake River Lower Mainstem,SNLMA-f,0.002159408971621477,4.0047183568745127e-4,3.297338042378968,0.20310779446465135,0.002159408971621477,4.0047183568745127e-4,0.14755590045237635,0.0023892082381123895,8.035810240758672e-4,3.5611354109037126,0.6807077041101255,0.0023892082381123895,8.035810240758672e-4,NA
1706030701,Lake Creek-North Fork Clearwater River,Wet Clearwater,Upper North Fork Clearwater,NCUMA,Clearwater River,North Fork Clearwater River,CRNFC-s,NA,NA,NA,NA,NA,NA,NA,NA,NA,0.6125898029159023,NA,NA,NA,NA,NA,NA,1.1420268925416348
1706030702,Cayuse Creek,Wet Clearwater,Upper North Fork Clearwater,NCUMA,Clearwater River,North Fork Clearwater River,CRNFC-s,NA,NA,NA,NA,NA,NA,NA,NA,NA,0.766280646536427,NA,NA,NA,NA,NA,NA,1.2966560945330399
1706030703,Moose Creek,Wet Clearwater,Upper North Fork Clearwater,NCUMA,Clearwater River,North Fork Clearwater River,CRNFC-s,NA,NA,NA,NA,NA,NA,NA,NA,NA,0.37504753176867933,NA,NA,NA,NA,NA,NA,1.1793785756119646
1706030704,Kelly Creek,Wet Clearwater,Upper North Fork Clearwater,NCUMA,Clearwater River,North Fork Clearwater River,CRNFC-s,NA,NA,NA,NA,NA,NA,NA,NA,NA,0.3729573816605481,NA,NA,NA,NA,NA,NA,0.8085521715289117
1706030705,Weitas Creek,Wet Clearwater,Upper North Fork Clearwater,NCUMA,Clearwater River,North Fork Clearwater River,CRNFC-s,NA,NA,NA,NA,NA,NA,NA,NA,NA,0.4929374632061104,NA,NA,NA,NA,NA,NA,0.9554476956429514
1706030706,Orogrande Creek,Wet Clearwater,Upper North Fork Clearwater,NCUMA,Clearwater River,North Fork Clearwater River,CRNFC-s,NA,NA,NA,NA,NA,NA,NA,NA,NA,0.4689438861349344,NA,NA,NA,NA,NA,NA,0.935652263513712
1706030707,Fourth of July Creek-North Fork Clearwater River,Wet Clearwater,Upper North Fork Clearwater,NCUMA,Clearwater River,North Fork Clearwater River,CRNFC-s,NA,NA,NA,NA,NA,NA,NA,NA,NA,0.15304365060538377,NA,NA,NA,NA,NA,NA,0.582872033224676
1706030708,Washington Creek-North Fork Clearwater River,Wet Clearwater,Upper North Fork Clearwater,NCUMA,Clearwater River,North Fork Clearwater River,CRNFC-s,NA,NA,NA,NA,NA,NA,NA,NA,NA,0.3199915319739533,NA,NA,NA,NA,NA,NA,0.5700845761665788
1706030709,Skull Creek,Wet Clearwater,Upper North Fork Clearwater,NCUMA,Clearwater River,North Fork Clearwater River,CRNFC-s,NA,NA,NA,NA,NA,NA,NA,NA,NA,0.3567210886405764,NA,NA,NA,NA,NA,NA,0.7063212157799841
1706030710,Quartz Creek-North Fork Clearwater River,Wet Clearwater,Upper North Fork Clearwater,NCUMA,Clearwater River,North Fork Clearwater River,CRNFC-s,NA,NA,NA,NA,NA,NA,NA,NA,NA,0.12257180428055624,NA,NA,NA,NA,NA,NA,0.287958879253497
1706030801,Upper Little North Fork Clearwater River,Wet Clearwater,Lower North Fork Clearwater,NCLMA,Clearwater River,North Fork Clearwater River,CRNFC-s,NA,NA,NA,NA,NA,NA,NA,NA,NA,NA,NA,NA,NA,NA,NA,NA,0.783009212094567
1706030802,Breakfast Creek,Wet Clearwater,Lower North Fork Clearwater,NCLMA,Clearwater River,North Fork Clearwater River,CRNFC-s,NA,NA,NA,NA,NA,NA,NA,NA,NA,0.41260200345014,NA,NA,NA,NA,NA,NA,0.6804986736795858
1706030803,Lower Little North Fork Clearwater River,Wet Clearwater,Lower North Fork Clearwater,NCLMA,Clearwater River,North Fork Clearwater River,CRNFC-s,NA,NA,NA,NA,NA,NA,NA,NA,NA,0.3072701174586183,NA,NA,NA,NA,NA,NA,0.5488967639984259
1706030804,Beaver Creek-North Fork Clearwater River,Wet Clearwater,Upper North Fork Clearwater,NCUMA,Clearwater River,North Fork Clearwater River,CRNFC-s,NA,NA,NA,NA,NA,NA,NA,NA,NA,0.17880408467640516,NA,NA,NA,NA,NA,NA,0.5062848179328997
1706030805,Silver Creek-North Fork Clearwater River,Wet Clearwater,Lower North Fork Clearwater,NCLMA,Clearwater River,North Fork Clearwater River,CRNFC-s,NA,NA,NA,NA,NA,NA,NA,NA,NA,0.07795457334134068,NA,NA,NA,NA,NA,NA,0.47984821764901214
1706030806,Reeds Creek,Wet Clearwater,Lower North Fork Clearwater,NCLMA,Clearwater River,North Fork Clearwater River,CRNFC-s,NA,NA,NA,NA,NA,NA,NA,NA,NA,0.4443300077332811,NA,NA,NA,NA,NA,NA,0.8919068130925776
1706030807,Elk Creek,Wet Clearwater,Lower North Fork Clearwater,NCLMA,Clearwater River,North Fork Clearwater River,CRNFC-s,NA,NA,NA,NA,NA,NA,NA,NA,NA,NA,NA,NA,NA,NA,NA,NA,0.4550517185314161
1706030808,Dicks Creek-North Fork Clearwater River,Wet Clearwater,Lower North Fork Clearwater,NCLMA,Clearwater River,North Fork Clearwater River,CRNFC-s,NA,NA,NA,0.0024768864867321873,2.7365893608e-4,3.9912802549800204,0.18962188314740924,0.0024768864867321873,2.7365893608e-4,0.11984962955706353,0.0013658334357892498,2.7120928731087497e-4,3.646784347460907,0.2955419077088499,0.0013658334357892498,2.7120928731087497e-4,0.47663368594454436
